{
  "postcss.config.mjs": 1776453750.909952,
  "next-env.d.ts": 1776530647.7557535,
  "playwright.config.ts": 1776506414.8531137,
  "vitest.config.ts": 1776506414.8667557,
  "eslint.config.mjs": 1776506414.852566,
  "next.config.ts": 1776453750.9098778,
  "tests/e2e/critical-path.spec.ts": 1776506414.866514,
  "src/middleware.ts": 1776454593.2063673,
  "src/types/database.ts": 1776522838.284024,
  "src/app/layout.tsx": 1776526578.4419453,
  "src/app/page.tsx": 1776454885.1609957,
  "src/app/(workspace)/[workspaceId]/layout.tsx": 1776527806.81397,
  "src/app/(workspace)/[workspaceId]/page.tsx": 1776506414.8542237,
  "src/app/(workspace)/[workspaceId]/campaigns/[campaignId]/page.tsx": 1776529626.2688515,
  "src/app/(workspace)/[workspaceId]/campaigns/new/page.tsx": 1776522427.5434444,
  "src/app/api/webhooks/n8n/route.ts": 1776456227.4623864,
  "src/app/(auth)/auth/callback/route.ts": 1776454656.6187718,
  "src/app/(auth)/login/page.tsx": 1776526235.9724498,
  "src/app/(auth)/onboarding/page.tsx": 1776528946.1884127,
  "src/features/publishing/server/publishCampaign.test.ts": 1776506414.8575432,
  "src/features/publishing/server/webhookRateLimit.test.ts": 1776506414.8582153,
  "src/features/publishing/server/publishCampaign.ts": 1776506414.8579142,
  "src/features/publishing/server/webhookRateLimit.ts": 1776506414.8584006,
  "src/features/publishing/components/PublishingDialog.tsx": 1776456246.1391745,
  "src/features/charters/server/charterActions.ts": 1776506414.8570967,
  "src/features/charters/server/getCharter.ts": 1776506414.8572931,
  "src/features/workspaces/server/getWorkspaces.ts": 1776454726.2915094,
  "src/features/workspaces/components/WorkspaceSettings.tsx": 1776528624.0818694,
  "src/features/workspaces/components/WorkspaceDashboard.tsx": 1776526252.4003813,
  "src/features/workspaces/components/settings/CharterEditor.tsx": 1776524954.9184592,
  "src/features/workspaces/components/settings/TemplatesEditor.tsx": 1776525083.2771792,
  "src/features/workspaces/components/settings/PromptsEditor.tsx": 1776525195.7446887,
  "src/features/workspaces/components/settings/NetworksSettings.tsx": 1776525221.3794134,
  "src/features/workspaces/components/settings/SettingsPanel.tsx": 1776524885.5444193,
  "src/features/workspaces/components/settings/GeneralSettings.tsx": 1776530616.2383523,
  "src/features/workspaces/components/settings/TargetsEditor.tsx": 1776525174.4410062,
  "src/features/templates/server/templateActions.ts": 1776522857.7521496,
  "src/features/templates/server/getTemplates.ts": 1776455530.8184903,
  "src/features/campaigns/server/getCampaign.test.ts": 1776515331.206577,
  "src/features/campaigns/server/getCampaigns.ts": 1776515331.2072248,
  "src/features/campaigns/server/wizardActions.test.ts": 1776508069.8076382,
  "src/features/campaigns/server/wizardActions.ts": 1776508061.030774,
  "src/features/campaigns/server/getCampaign.ts": 1776515331.2067177,
  "src/features/campaigns/utils/campaignContent.ts": 1776515331.207612,
  "src/features/campaigns/utils/campaignContent.test.ts": 1776507982.7710307,
  "src/features/campaigns/components/CampaignNewPage.tsx": 1776522434.240209,
  "src/features/campaigns/components/CampaignResults.tsx": 1776527065.7867353,
  "src/features/campaigns/components/CampaignDetailPage.tsx": 1776530018.2769537,
  "src/features/campaigns/components/CampaignHistory.tsx": 1776525852.461396,
  "src/features/campaigns/components/CampaignWizard.tsx": 1776526802.738126,
  "src/features/campaigns/components/steps/StepGeneration.tsx": 1776526104.3007536,
  "src/features/campaigns/components/steps/StepObjectives.tsx": 1776525322.9623024,
  "src/features/campaigns/components/steps/StepReview.tsx": 1776526134.141938,
  "src/features/campaigns/components/steps/StepTemplateSelect.tsx": 1776525983.9518101,
  "src/features/campaigns/components/steps/StepClarification.tsx": 1776525994.0631914,
  "src/features/campaigns/components/steps/StepSkeleton.tsx": 1776526009.247882,
  "src/features/campaigns/hooks/useCampaignWizard.ts": 1776537825.492843,
  "src/features/campaigns/hooks/campaignToInitialWizardState.test.ts": 1776509355.7882981,
  "src/components/CommandPalette.tsx": 1776527716.3992527,
  "src/components/CommandPaletteTrigger.tsx": 1776528509.8560874,
  "src/components/ThemeToggle.tsx": 1776537868.4651446,
  "src/components/Sidebar.tsx": 1776528912.1829271,
  "src/components/ui/form-field.tsx": 1776526873.738684,
  "src/components/ui/tabs.tsx": 1776529047.8062596,
  "src/components/ui/card.tsx": 1776454709.5871713,
  "src/components/ui/label.tsx": 1776454717.9255147,
  "src/components/ui/tooltip.tsx": 1776454709.7779865,
  "src/components/ui/alert.tsx": 1776526899.0325098,
  "src/components/ui/loading-button.tsx": 1776526851.3360615,
  "src/components/ui/status-badge.tsx": 1776526888.2899933,
  "src/components/ui/avatar.tsx": 1776454709.8152277,
  "src/components/ui/dialog.tsx": 1776454709.8988914,
  "src/components/ui/badge.tsx": 1776454709.5382538,
  "src/components/ui/separator.tsx": 1776454709.7053657,
  "src/components/ui/button.tsx": 1776454702.5199895,
  "src/components/ui/spinner.tsx": 1776526833.1213312,
  "src/components/ui/dropdown-menu.tsx": 1776454709.66993,
  "src/components/ui/select.tsx": 1776454718.0365212,
  "src/components/ui/textarea.tsx": 1776454717.9606879,
  "src/components/ui/input.tsx": 1776454717.8845537,
  "src/lib/utils.ts": 1776454702.5601528,
  "src/lib/schemas/workspace.ts": 1776522343.8919883,
  "src/lib/schemas/template.ts": 1776522831.174592,
  "src/lib/schemas/publishing.ts": 1776456067.8613634,
  "src/lib/schemas/campaign.ts": 1776515945.2357059,
  "src/lib/schemas/charter.ts": 1776455083.251789,
  "src/lib/supabase/admin.ts": 1776456218.2536225,
  "src/lib/supabase/client.ts": 1776454582.3001866,
  "src/lib/supabase/server.ts": 1776454586.4517972,
  "src/lib/ai/regenerate-until-valid.ts": 1776506414.864542,
  "src/lib/ai/json-parser.ts": 1776532383.4336672,
  "src/lib/ai/charter-validator.ts": 1776506414.8617756,
  "src/lib/ai/charter-validator.test.ts": 1776506414.8614295,
  "src/lib/ai/cost-calculator.test.ts": 1776506414.8621104,
  "src/lib/ai/providers.ts": 1776530623.6462014,
  "src/lib/ai/cost-calculator.ts": 1776506414.862429,
  "src/lib/ai/providers.test.ts": 1776506414.8637328,
  "src/lib/ai/json-parser.test.ts": 1776506414.8632064,
  "src/lib/ai/prompt-builder.ts": 1776531761.1166508,
  "src/lib/ai/index.ts": 1776532212.321988,
  "src/lib/ai/regenerate-until-valid.test.ts": 1776506414.8643212,
  "README.md": 1776453750.90917,
  "AGENTS.md": 1776453766.7019966,
  "CLAUDE.md": {
    "hash": "24700dec2352cb2a24ab48014175be4f",
    "mtime": 1776590858.8741262,
    "size": 9201
  },
  "docs/superpowers/plans/2026-04-18-campaign-dedicated-page.md": 1776511798.3139145,
  "docs/superpowers/plans/2026-04-18-campaign-view-dialog.md": 1776507700.0689304,
  "docs/superpowers/specs/2026-04-18-campaign-view-dialog-design.md": 1776507473.6742458,
  "public/file.svg": 1776453750.9104204,
  "public/vercel.svg": 1776453750.9106352,
  "public/next.svg": 1776453750.910652,
  "public/globe.svg": 1776453750.9102132,
  "public/window.svg": 1776453750.9106808,
  "docs/decisions/0001-wizard-pattern-campaigns.md": {
    "hash": "5db77cc70bdb917a78f8e309aec28a2c",
    "mtime": 1776590667.7009745,
    "size": 1740
  },
  "docs/decisions/0002-status-transition-machine.md": {
    "hash": "9711a2a4cec60241c7eafbf470bef068",
    "mtime": 1776590669.8149798,
    "size": 2148
  },
  "docs/decisions/0003-editorial-charter-hard-constraint.md": {
    "hash": "5c74c099c34df20dec0b692d08813c7d",
    "mtime": 1776590683.665086,
    "size": 1982
  },
  "docs/decisions/0004-feature-first-architecture.md": {
    "hash": "01632608c4382ce66ff3beeb23c93b5b",
    "mtime": 1776590696.9039574,
    "size": 1954
  },
  "docs/decisions/0005-server-components-server-actions.md": {
    "hash": "ea4968cf157d1a6eed57c17f163c0e18",
    "mtime": 1776590705.0233297,
    "size": 1965
  },